phrases,actual_labels,option_1,option_2
closed want improve,design,design,general
want improve update,design,design,general
editing post closed,design,design,general
post closed year,design,design,general
answered fact citation,design,design,general
fact citation editing,design,design,general
citation editing post,design,design,general
class implement interface,design,design,general
improve update question,design,design,general
factory method pattern,design,design,general
problem editing post,design,design,general
data access layer,design,design,general
pattern design pattern,design,design,general
factory design pattern,design,design,general
focus problem editing,design,design,general
update answered fact,design,design,general
improve update answered,design,design,general
single responsibility principle,design,design,general
template method pattern,design,design,general
question answered fact,design,design,general
update question answered,design,design,general
static factory method,design,design,general
good design pattern,design,design,general
stack overflow closed,design,design,general
domain driven design,design,design,general
design pattern design,design,design,general
best design pattern,design,design,general
head design pattern,design,design,general
class static method,design,design,general
design pattern book,design,design,general
overflow closed year,design,design,general
create instance class,design,design,general
strategy design pattern,design,design,general
class base class,design,design,general
business logic layer,design,design,general
method design pattern,design,design,general
method base class,design,design,general
class class class,design,design,general
improve update focus,design,design,general
update focus problem,design,design,general
data transfer object,design,design,general
service locator pattern,design,design,general
dependency injection container,design,design,general
question focus problem,design,design,general
update question focus,design,design,general
know design pattern,design,design,general
factory factory method,design,design,general
state design pattern,design,design,general
design pattern help,design,design,general
singlet design pattern,design,design,general
class implementing interface,design,design,general
dependency injection framework,design,design,general
design pattern class,design,design,general
factory method factory,design,design,general
object oriented design,design,design,general
class derived class,design,design,general
factory pattern factory,design,design,general
looking design pattern,design,design,general
problem trying solve,design,design,general
unit work pattern,design,design,general
design pattern best,design,design,general
improve update stack,design,design,general
update stack overflow,design,design,general
data access object,design,design,general
class design pattern,design,design,general
object design pattern,design,design,general
resolve service type,design,design,general
observer design pattern,design,design,general
interface class implement,design,design,general
pattern factory pattern,design,design,general
book design pattern,design,design,general
design pattern solve,design,design,general
pattern closed want,design,design,general
decorator design pattern,design,design,general
write unit test,design,design,general
unable resolve service,design,design,general
design pattern java,design,design,general
design pattern pattern,design,design,general
base class interface,design,design,general
revealing module pattern,design,design,general
singleton design pattern,design,design,general
design pattern code,design,design,general
java design pattern,design,design,general
design pattern example,design,design,general
command design pattern,design,design,general
design pattern want,design,design,general
interface base class,design,design,general
model view controller,design,design,general
object oriented programming,design,design,general
pattern solve problem,design,design,general
anemic domain model,design,design,general
null object pattern,design,design,general
having hard time,design,design,general
code design pattern,design,design,general
learning design pattern,design,design,general
builder design pattern,design,design,general
design pattern implement,design,design,general
service type attempting,design,design,general
design pattern know,design,design,general
design pattern factory,design,design,general
closed want improve,general,design,general
editing post closed,general,design,general
want improve update,general,design,general
problem editing post,general,design,general
post closed day,general,design,general
improve clarify problem,general,design,general
clarify problem editing,general,design,general
want improve clarify,general,design,general
stack overflow closed,general,design,general
improve update question,general,design,general
minimal reproducible example,general,design,general
focus problem editing,general,design,general
overflow closed day,general,design,general
unexpected unexpected unexpected,general,design,general
update stack overflow,general,design,general
improve update stack,general,design,general
question stack overflow,general,design,general
update question stack,general,design,general
update focus problem,general,design,general
improve update focus,general,design,general
update question focus,general,design,general
question focus problem,general,design,general
help greatly appreciated,general,design,general
reference instance object,general,design,general
welcome stack overflow,general,design,general
object reference instance,general,design,general
code work fine,general,design,general
post closed hour,general,design,general
error syntax error,general,design,general
syntax error unexpected,general,design,general
provide minimal reproducible,general,design,general
read property undefined,general,design,general
function return promise,general,design,general
null pointer point,general,design,general
prepared statement instead,general,design,general
closed day want,general,design,general
nullable reference type,general,design,general
answered fact citation,general,design,general
citation editing post,general,design,general
fact citation editing,general,design,general
closed day trying,general,design,general
having hard time,general,design,general
undefined index notice,general,design,general
method return promise,general,design,general
floating point number,general,design,general
visual studio code,general,design,general
line stack trace,general,design,general
string string string,general,design,general
double quoted string,general,design,general
point null value,general,design,general
error read property,general,design,general
current browser node,general,design,general
null coalescing operator,general,design,general
form load event,general,design,general
overflow closed hour,general,design,general
help solve problem,general,design,general
line file line,general,design,general
notice undefined index,general,design,general
error message error,general,design,general
getting following error,general,design,general
method null reference,general,design,general
thing null pointer,general,design,general
code doe work,general,design,general
getting error message,general,design,general
stack overflow question,general,design,general
point right direction,general,design,general
method called method,general,design,general
access denied user,general,design,general
create minimal reproducible,general,design,general
return value function,general,design,general
error reporting error,general,design,general
quote single quote,general,design,general
work perfectly fine,general,design,general
double quote single,general,design,general
internal server error,general,design,general
quote double quote,general,design,general
anonymous function callback,general,design,general
return return success,general,design,general
cause simple return,general,design,general
simple return return,general,design,general
outside cause simple,general,design,general
want return outside,general,design,general
return outside cause,general,design,general
help appreciated thanks,general,design,general
want request synchronous,general,design,general
return success callback,general,design,general
success callback outside,general,design,general
entity framework core,general,design,general
half unit place,general,design,general
code working fine,general,design,general
doe error mean,general,design,general
null dereference exception,general,design,general
array array array,general,design,general
mean reference null,general,design,general
return response asynchronous,general,design,general
called method called,general,design,general
null pointer exception,general,design,general
variable undefined index,general,design,general
appear sudden script,general,design,general
sudden script year,general,design,general